{"cameraMode":{"drawMode":0,"name":"Shaded","section":"Shading Mode"},"sceneLighting":false,"audioPlay":false,"sceneViewState":{"m_AlwaysRefresh":false,"showFog":true,"showSkybox":false,"showFlares":true,"showImageEffects":true,"showParticleSystems":true,"showVisualEffectGraphs":true,"m_FxEnabled":true},"in2DMode":false,"pivot":{"x":1.0800001621246338,"y":0.784906268119812,"z":-0.018954895436763765},"rotation":{"x":0.08332275599241257,"y":-0.911822497844696,"z":0.23075130581855775,"w":0.3298812210559845},"size":1.7038956880569459,"orthographic":false}