{"cameraMode":{"drawMode":0,"name":"Shaded","section":"Shading Mode"},"sceneLighting":true,"audioPlay":false,"sceneViewState":{"m_AlwaysRefresh":false,"showFog":true,"showSkybox":true,"showFlares":true,"showImageEffects":true,"showParticleSystems":true,"showVisualEffectGraphs":true,"m_FxEnabled":true},"in2DMode":false,"pivot":{"x":5.095048904418945,"y":4.4194488525390629,"z":17.881235122680665},"rotation":{"x":0.000784331641625613,"y":-0.9941630363464356,"z":0.009285731241106987,"w":0.11233216524124146},"size":12.917906761169434,"orthographic":false}