{"cameraMode":{"drawMode":0,"name":"Shaded","section":"Shading Mode"},"sceneLighting":false,"audioPlay":false,"sceneViewState":{"m_AlwaysRefresh":false,"showFog":true,"showSkybox":false,"showFlares":true,"showImageEffects":true,"showParticleSystems":true,"showVisualEffectGraphs":true,"m_FxEnabled":true},"in2DMode":false,"pivot":{"x":0.061279475688934329,"y":0.23717835545539857,"z":-0.008832290768623352},"rotation":{"x":-0.037160445004701617,"y":0.9609144330024719,"z":-0.22630375623703004,"w":-0.15733778476715089},"size":0.6059520840644836,"orthographic":false}